text,label
"Securing the Invisible: Why digital twin security starts with data governance.. Protect your digital twins from data risks. Learn how smart data governance with ArcGIS ensures security without sacrificing openness.. Digital twins: powerful, precise – and secure
As cities and industries embrace digital transformation, digital twins have emerged as powerful tools for modeling, monitoring, and optimizing real-worl… [+5279 chars]",1
"Boeing says focus at air show on 'supporting customers', not orders. Le Bourget, France (AFP) June 16, 2025


 US group Boeing said Monday it would focus on supporting its customers at the Paris Air Show instead of the traditional announcements of plane orders, in the aftermath of Air India's 787 Dreamliner crash. 

The sales …. Boeing says focus at air show on 'supporting customers', not ordersby AFP Staff WritersLe Bourget, France (AFP) June 16, 2025
US group Boeing said Monday it would focus on supporting its customers a… [+912 chars]",1
"Australia says China anxiety, geography driving closer Indonesia ties. Jakarta (AFP) June 5, 2025


 Australian Defence Minister Richard Marles said Thursday that security anxiety over China was partly driving deepening ties with Indonesia in a region riven by rivalry between Beijing and Washington. 

His visit to meet counterpa…. Australia says China anxiety, geography driving closer Indonesia tiesby AFP Staff WritersJakarta (AFP) June 5, 2025
Australian Defence Minister Richard Marles said Thursday that security anxiety ove… [+2113 chars]",1
"Chile's defense policy shift carries high costs. Washington DC (UPI) Jun 13, 2025 


 President Gabriel Boric's plan to replace Israel as Chile's primary arms supplier presents logistical and strategic challenges for the country's armed forces. 
 Chile's president has sharply criticized Israel's military ac…. Chile's defense policy shift carries high costsby Osvaldo Silva Washington DC (UPI) Jun 13, 2025 
President Gabriel Boric's plan to replace Israel as Chile's primary arms supplier presents logistica… [+4561 chars]",1
"Americans Want Trump to Obey Court Rulings. “The vast majority of American adults believe the Trump administration must comply with federal court orders, though the president’s strongest supporters are split over the issue,” according to a new NBC News Decision Desk Poll.. “There are a lot of blogs and news sites claiming to understand politics, but only a few actually do. Political Wire is one of them.”
 Chuck Todd, host of “Meet the Press”
“Concise. Relevant. To th… [+594 chars]",1
"Crime+Investigation to bring killer Ed Gein to screen with help of AI. UK producer Spirit Studios, Hearst Networks EMEA and distributor BossaNova Media have teamed up to coproduce docudrama Ed Gein: Original Psycho for Hearst's Crime+Investigation network in the UK. The 2.... Ed Gein was convicted of two murders but suspected of many more
UK producer Spirit Studios, Hearst Networks EMEA and distributor BossaNova Media have teamed up to coproduce docudrama Ed Gein: Origin… [+680 chars]",1
"Elevation Point Wealth Partners LLC Purchases 11,183 Shares of Infosys Limited (NYSE:INFY). Elevation Point Wealth Partners LLC boosted its position in Infosys Limited (NYSE:INFY – Free Report) by 89.3% in the first quarter, according to its most recent filing with the SEC. The institutional investor owned 23,707 shares of the technology company’s s…. Elevation Point Wealth Partners LLC boosted its position in Infosys Limited (NYSE:INFY – Free Report) by 89.3% in the first quarter, according to its most recent filing with the SEC. The institutiona… [+4437 chars]",1
"Markey Warns: Rural health crisis looms if Big Beautiful Bill passes | Bay State Briefing. The Republican White House's domestic policy mega-bill literally hits Republicans where they live, U.S. Sen. Ed Markey, D-Mass., said last week.. Good Monday morning, everyone.
Democrats on Capitol Hill have spent plenty of time over the last couple of weeks shining a spotlight on what they say are the destructive effects of President Donald … [+11610 chars]",1
"Who is Arun Srinivas? Meta Platforms promotes marketing veteran to India Head role effective 1 July. Facebook's parent, Meta Platforms, on 16 June 2025, announced that the big tech firm has appointed marketing veteran Arun Srinivas as the head of the company's India operations. Srinivas, a former IIM Calcutta graduate will take over India operations effectiv…. The US-based social media platform Facebook's parent company, Meta Platforms, on Monday, 16 June 2025, announced that the big tech firm has appointed marketing veteran Arun Srinivas as the head of th… [+2487 chars]",1
"A Tragedy That Stunned a Nation. On June 12, 2025, Air India Flight 171 became the site of India’s deadliest aviation disaster in over three decades. The flight, en route from Ahmedabad to London, crashed just moments after takeoff, slamming into the mess hall of BJ Medical College and erupt…. On June 12, 2025, Air India Flight 171 became the site of India’s deadliest aviation disaster in over three decades. The flight, en route from Ahmedabad to London, crashed just moments after takeoff,… [+3085 chars]",1
"Sabah establishes Blue Economy Council. KOTA KINABALU: Sabah has established a Blue Economy Council to coordinate and implement strategic policies for the state's blue economy. Read full story. KOTA KINABALU: Sabah has established a Blue Economy Council to coordinate and implement strategic policies for the state's blue economy.
Chief Minister Datuk Seri Hajiji Noor announced that the coun… [+2042 chars]",1
"How to use LangChain for LLM application development. LangChain helps developers do more with language models, linking them to tools, APIs and live data to build more capable and dynamic AI applications.. To create advanced AI applications, developers need large language models that can integrate with diverse data sets. However, an LLM's ability to access the software stack in standardized ways remain… [+7178 chars]",1
"Snowflake, Acxiom Partner To Power Secure AI Marketing For Brands. Snowflake (NYSE:SNOW) and Interpublic Group of Companies, Inc. (NYSE:IPG) owned Acxiom on Monday announced a partnership to build and deliver a modern, AI.... Snowflake (NYSE:SNOW) and Interpublic Group of Companies, Inc. (NYSE:IPG) owned Acxiom on Monday announced a partnership to build and deliver a modern, AI-powered marketing data infrastructure that w… [+2167 chars]",1
"BLACK NO MORE (3). The voice was Max Disher’s, but this man was white.. By: George SchuylerJune 16, 2025
AI-assisted illustration by HILOBROW
George S. Schuyler’s Black No More: Being an Account of the Strange and Wonderful Workings of Science in the Land of the Free, … [+5273 chars]",1
"Kaveri University brings AI to farming, sets benchmark in tech-driven agriculture education. With a ₹1,200 crore investment and collaborations with global institutes, it offers interdisciplinary UG, PG, and PhD programmes and industry-linked training, including a DGCA-approved drone academy.. Breaking new ground in Indian agricultural education, Kaveri University is marrying agricultural education with technology education, a blend that would suit the current requirements of the countrys … [+3772 chars]",1
"NBC News Poll: Most Americans believe nation on 'wrong track'. NBC News Poll: Most Americans believe nation on 'wrong track'wfmj.com. WASHINGTON - 
 A new national poll released Monday shows that most Americans believe the country is headed in the wrong direction, with concerns about the economy and threats to democracy at the top… [+3290 chars]",1
"India to conserve rare earths for domestic use, halt Japan exports. . If you click 'Accept all', we and our partners, including 240 who are part of the IAB Transparency &amp; Consent Framework, will also store and/or access information on a device (in other words, use … [+714 chars]",1
"New goals, more actors: rethinking the political economy of fiscal institutions. de Renzio, Paolo and Wehner, Joachim ORCID: 0000-0002-1951-308X (2025) New goals, more actors: rethinking the political economy of fiscal institutions. In: Allen, Richard and Krause, Philipp, (eds.) Contemporary Issues and Challenges in Public Financial Manag…. de Renzio, Paolo and Wehner, JoachimORCID: 0000-0002-1951-308X 
(2025)
New goals, more actors: rethinking the political economy of fiscal institutions.
In: Allen, Richard and Krause, Philipp, (eds… [+1235 chars]",1
"Southwest monsoon back on track after stalling for two weeks, heatwave to ease: IMD officials. The southwest monsoon is back after a pause. Rains are expected to spread across central India this week. This will bring relief from the heat. The India Meteorological Department anticipates above-average rainfall in the latter half of June. The monsoon is l…. The southwest monsoon has revived after being stalled for more than a fortnight and rains are set to cover central parts of the country this week, bringing relief from the heatwave in the northern pl… [+1777 chars]",1
"The Ukrainian soldier's best chance against Russia's advanced unjammable drones is as low-tech as it gets. Ukraine is fighting against Rusisa's advanced fiber-optic drones that can't be jammed, and soliders have to use old-fashioned weaponry to stop them.. A Ukrainian serviceman demonstrates a fiber-optic drone at an undisclosed location in the Kyiv region.AP Photo/Efrem Lukatsky
<ul><li>Ukrainian soldiers are fighting against Russia's new fiber-optic… [+7131 chars]",1
"Retailer At Home Files Bankruptcy With Lenders Set to Take Over. At Home Group Inc. filed bankruptcy to implement a restructuring deal which will see its lenders including Redwood Capital Management LLC, Farallon Capital Management LLC and Anchorage Capital Advisors LP take over the business.. (Bloomberg) -- At Home Group Inc. filed bankruptcy to implement a restructuring deal which will see its lenders including Redwood Capital Management LLC, Farallon Capital Management LLC and Anchorage… [+2558 chars]",1
"Poco F7 specs leak along with plenty of images: 6.83"" display, 50+8MP cameras. The Poco F7 should be announced in the next couple of weeks and while we’ve had some leaks and some official teasers so far, this is the mother lode.






Poco F7 in White and Silver

The vanilla F7 will be larger than the Poco F7 Pro and Poco F7 Ultra with …. The Poco F7 should be announced in the next couple of weeks and while weve had some leaks and some official teasers so far, this is the mother lode.
Poco F7 in White and Silver
The vanilla F7 will … [+2019 chars]",1
"Ultraviolette enters Europe, eyes 35 pc of revenue from global exports by 2028. Ultraviolette, an Indian premium electric motorcycle manufacturer, is expanding its global presence by entering the European market. The company is launching its F77 MACH 2 and F77 SuperStreet models across several European countries, aiming for 30-35% of its…. Premium electric motorcycle maker Ultraviolette on Monday announced its foray into the European market as part of plans to expand global footprint with an eye on up to 35 per cent of its revenue to c… [+2090 chars]",1
"A plane crashed on a doctors' hostel in Ahmedabad. Those who survived began treating the injured. An Air India flight crashed into a medical college campus in Ahmedabad, India, killing at least 270 people. Trainee doctors, including Navin Chaudhary and Akshay Zala, risked their lives to rescue injured colleagues from the burning hostel. Despite the devast…. Navin Chaudhary had just begun eating his meal when a loud bang startled him. He turned back to see a massive fire taking over the dining area where he and other trainee doctors had assembled for lun… [+3000 chars]",1
"Microsoft rolls out the Copilot feature that can watch your every move. Windows users in the US can now share their screens with AI.. A couple of months ago, we talked about Microsofts new Copilot Vision feature for Windows and now, it is officially here. This new AI-powered tool gives Copilot the ability to actually see what is on… [+2690 chars]",1
One flew over Latent Space. Delusions in the AI-Hall of Mirrors. Two years ago i wrote about how AI-companions might push vulnerable users towards delusions and conspirational self-radicalization and warned about precisely the sort of AI-induced delusional thinkin… [+20566 chars],1
"""We must now deliver on promises of development and ensure Delhi gets what it rightfully deserves"": Union Minister Hardeep Puri. Union Minister Hardeep Singh Puri lauded the NDA government's 11-year tenure, emphasizing Delhi's development and India's GDP growth from two to four trillion dollars under PM Modi. Sarbananda Sonowal highlighted India's economic progress, projecting it as th…. Union Minister Hardeep Singh Puri on Monday hailed the 11 years of the National Democratic Alliance (NDA) government and called for action on the development and growth of Delhi. He further stated th… [+2686 chars]",1
"SBI card rule change from July 15: Pay higher minimum due amount in your next credit card bill; will it mean faster repayment?. State Bank of India (SBI) Cards will modify the minimum amount due calculation from July 15, 2025. The new method ensures full settlement of charges each month, however, due to this credit card holders may see higher MAD payments. Paying only the minimum amou…. State Bank of India Credit Cards (SBI Cards) has modified its minimum amount due (MAD) calculation method effective from July 15, 2025. MAD is the minimum amount that a credit card holder has to repa… [+7814 chars]",1
"Trump Sent Them To Hell. Now He's Erasing Them Altogether.. Dozens of U.S. CECOT detainees’ immigration cases have been dismissed – denying Trump’s victims their day in court.. The only information Ysqueibel Yonaiquer Peñaloza Chirinos family has received about him in the past three months came from former Republican congressman Matt Gaetz. 
Gaetz probably didnt mean to he… [+24583 chars]",1
"Apple to Ship 2.8 Million iPhone Units in India in Q2 Despite Slowdown. Apple is expected to register a double-digit growth of more than 20 percent in the second quarter of this year, shipping upwards of 2.8 million iPhone units. As per a report, this growth is despite the anticipated downturn in the Indian smartphone market due …. In 2024, Apple managed to secure a spot among India's top five smartphone brands. According to a report, it is expected to continue on this upwards trajectory by shipping more iPhone units in the lat… [+1802 chars]",1
"Leaders who integrate technology in their business ecosystem today will define the businesses of tomorrow. Sify Technologies' decline highlights the critical need for digital readiness and resilience. Companies must anticipate technological disruptions, adapt operations, and foster a culture of innovation to thrive. Digital transformation is no longer optional; it…. In the 2000s, at the heart of the first wave of Indias digital transformation, was Sify Technologies. Providing home and enterprise internet services, as well as operating a chain of cybercafes under… [+5388 chars]",1
"Introducing Perplexity Labs a New Way to Bring Your Projects to Life Faster. What if the future of technology wasn’t just about faster gadgets or smarter algorithms, but about solving the world’s most complex challenges? Picture a lab where quantum computing tackles problems once deemed unsolvable, artificial intelligence transforms i…. What if the future of technology wasnt just about faster gadgets or smarter algorithms, but about solving the worlds most complex challenges? Picture a lab where quantum computing tackles problems on… [+7851 chars]",1
"IDF Claims Major Breakthrough in Iran Conflict. Voice is AI-generated. Inconsistencies may occur.
Israel now has ""full aerial superiority"" over the Iranian capital, Tehran, its military said.
Israel Defense Forces (IDF) Spokesman Brig. Gen. Effie Defrin made the comment at a press briefing on Monday, and s…. Voice is AI-generated. Inconsistencies may occur.Israel now has ""full aerial superiority"" over the Iranian capital, Tehran, its military said.Israel Defense Forces (IDF) Spokesman Brig. Gen. Effie De… [+139 chars]",1
"Nvidia, Deutsche Telekom to launch industrial AI cloud in Germany. In This Article:
US-based tech giant Nvidia has collaborated with telecommunications company Deutsche Telekom to introduce Europe’s first industrial AI cloud in Germany.
This new AI factory aims to advance Germany's manufacturing sector by facilitating applic…. In This Article:US-based tech giant Nvidia has collaborated with telecommunications company Deutsche Telekom to introduce Europes first industrial AI cloud in Germany.This new AI factory aims to adva… [+150 chars]",1
"Ivanka Trump's Father's Day Message Goes Viral. Voice is AI-generated. Inconsistencies may occur.
Ivanka Trump's Father's Day message to President Donald Trump has gone viral on social media.
Newsweek reached out to Trump's representative for comment via email outside regular working hours.
The Context
Don…. Voice is AI-generated. Inconsistencies may occur.Ivanka Trump's Father's Day message to President Donald Trump has gone viral on social media.Newsweek reached out to Trump's representative for commen… [+143 chars]",1
"Economists predict Germany will return to growth this year. Germany’s economy will return to growth in 2025 after two years of contraction, according to analysts surveyed by Bloomberg who are a little more upbeat on the country’s near-term prospects than other forecasters.
Respondents see gross domestic product in Eur…. Germanys economy will return to growth in 2025 after two years of contraction, according to analysts surveyed by Bloomberg who are a little more upbeat on the countrys near-term prospects than other … [+141 chars]",1
"TikTok rolls out new AI ad features, including the ability for marketers to use text or images to create AI-generated video, as part of its Symphony ad suite. . { window.open(this.href, '_blank'); }, 200); return false;""&gt;Why did Kering shares surge recently? { window.open(this.href, '_blank'); }, 200); return false;""&gt;How will Israel-Iran conflict impac… [+735 chars]",1
"Vastrell Securities Strengthens Asia-Pacific Presence with Enhanced Localized Financial Services. DENVER, June 16, 2025 (GLOBE NEWSWIRE) -- Vastrell Securities (VRS), a global leader in comprehensive financial services and a wholly-owned subsidiary of Morgan Stanley, today announced an accelerated expansion plan across the Asia-Pacific region. This initia…. DENVER, June 16, 2025 (GLOBE NEWSWIRE) -- Vastrell Securities (VRS), a global leader in comprehensive financial services and a wholly-owned subsidiary of Morgan Stanley, today announced an accelerate… [+4046 chars]",1
"Azzad Asset Management Inc. ADV Cuts Stock Position in Guidewire Software, Inc. (NYSE:GWRE). Azzad Asset Management Inc. ADV cut its holdings in Guidewire Software, Inc. (NYSE:GWRE – Free Report) by 48.1% in the first quarter, according to the company in its most recent disclosure with the SEC. The institutional investor owned 2,288 shares of the tec…. Azzad Asset Management Inc. ADV cut its holdings in Guidewire Software, Inc. (NYSE:GWRE – Free Report) by 48.1% in the first quarter, according to the company in its most recent disclosure with the S… [+5974 chars]",1
"Azzad Asset Management Inc. ADV Buys New Stake in PTC Inc. (NASDAQ:PTC). Azzad Asset Management Inc. ADV bought a new stake in shares of PTC Inc. (NASDAQ:PTC – Free Report) in the first quarter, Holdings Channel.com reports. The institutional investor bought 3,461 shares of the technology company’s stock, valued at approximately $…. Azzad Asset Management Inc. ADV bought a new stake in shares of PTC Inc. (NASDAQ:PTC – Free Report) in the first quarter, Holdings Channel.com reports. The institutional investor bought 3,461 shares … [+5114 chars]",1
"'That iPhone could have been a mutual fund SIP': Data scientist blames ego for Indian middle class’s EMI burden. Data scientist Monish Gosar’s viral post blames India’s middle class for its rising EMI burden, not the economy. He argues people trade long-term financial health for status symbols, confusing wants for needs. With India’s credit card debt soaring, Gosar urge…. A 10 lakh car. A brand-new iPhone. A weekly fancy dinner. In todays India, these have become silent symbols of successtokens of middle-class arrival. But what if these very purchases are costing the … [+3552 chars]",1
"Northrop Grumman Co. (NYSE:NOC) Shares Sold by CVA Family Office LLC. CVA Family Office LLC lowered its position in shares of Northrop Grumman Co. (NYSE:NOC – Free Report) by 9.8% in the first quarter, according to its most recent filing with the Securities and Exchange Commission (SEC). The fund owned 203 shares of the aerospa…. CVA Family Office LLC lowered its position in shares of Northrop Grumman Co. (NYSE:NOC – Free Report) by 9.8% in the first quarter, according to its most recent filing with the Securities and Exchang… [+6629 chars]",1
"NorthCrest Asset Manangement LLC Buys 1,377 Shares of 3M (NYSE:MMM). NorthCrest Asset Manangement LLC lifted its holdings in shares of 3M (NYSE:MMM – Free Report) by 51.8% during the first quarter, according to the company in its most recent Form 13F filing with the Securities and Exchange Commission (SEC). The firm owned 4,03…. NorthCrest Asset Manangement LLC lifted its holdings in shares of 3M (NYSE:MMM – Free Report) by 51.8% during the first quarter, according to the company in its most recent Form 13F filing with the S… [+5779 chars]",1
"Elevation Point Wealth Partners LLC Sells 1,249 Shares of Fidelity National Information Services, Inc. (NYSE:FIS). Elevation Point Wealth Partners LLC trimmed its position in Fidelity National Information Services, Inc. (NYSE:FIS – Free Report) by 11.5% during the 1st quarter, according to the company in its most recent Form 13F filing with the Securities & Exchange Commi…. Elevation Point Wealth Partners LLC trimmed its position in Fidelity National Information Services, Inc. (NYSE:FIS – Free Report) by 11.5% during the 1st quarter, according to the company in its most… [+7021 chars]",1
"CVA Family Office LLC Increases Stock Holdings in TransDigm Group Incorporated (NYSE:TDG). CVA Family Office LLC lifted its stake in shares of TransDigm Group Incorporated (NYSE:TDG – Free Report) by 123.1% during the 1st quarter, according to the company in its most recent disclosure with the Securities & Exchange Commission. The fund owned 58 sha…. CVA Family Office LLC lifted its stake in shares of TransDigm Group Incorporated (NYSE:TDG – Free Report) by 123.1% during the 1st quarter, according to the company in its most recent disclosure with… [+6005 chars]",1
"Elevation Point Wealth Partners LLC Acquires 1,295 Shares of Dell Technologies Inc. (NYSE:DELL). Elevation Point Wealth Partners LLC boosted its holdings in shares of Dell Technologies Inc. (NYSE:DELL – Free Report) by 23.5% during the 1st quarter, according to the company in its most recent 13F filing with the Securities and Exchange Commission (SEC). T…. Elevation Point Wealth Partners LLC boosted its holdings in shares of Dell Technologies Inc. (NYSE:DELL – Free Report) by 23.5% during the 1st quarter, according to the company in its most recent 13F… [+5799 chars]",1
"Nasdaq, Inc. (NASDAQ:NDAQ) Shares Bought by Fifth Third Bancorp. Fifth Third Bancorp grew its holdings in shares of Nasdaq, Inc. (NASDAQ:NDAQ – Free Report) by 1.6% during the first quarter, according to its most recent Form 13F filing with the SEC. The firm owned 19,732 shares of the financial services provider’s stock af…. Fifth Third Bancorp grew its holdings in shares of Nasdaq, Inc. (NASDAQ:NDAQ – Free Report) by 1.6% during the first quarter, according to its most recent Form 13F filing with the SEC. The firm owned… [+6237 chars]",1
"7 trends shaping digital transformation in 2025 - and AI looms large. From autonomous enterprises built on a hybrid workforce to a house of AI agents, here's where digital transformation goes next.. shomos uddin/Getty Images
Welcome to the age of hybrid work, where businesses will augment the human workforce with AI agents -- the birth of the autonomous enterprise, according to research from te… [+6610 chars]",1
"TikTok rolls out new AI ad features, including the ability for marketers to use text or images to create AI-generated video, as part of its Symphony ad suite (Kurt Wagner/Bloomberg). Kurt Wagner / Bloomberg:
TikTok rolls out new AI ad features, including the ability for marketers to use text or images to create AI-generated video, as part of its Symphony ad suite  —  TikTok is rolling out a set of new artificial intelligence-powered adver…. Mediagazer presents the day's must-read media news on a single page.
The media business is in tumult: from the production side to
the distribution side, new technologies are upending the industry.… [+416 chars]",1
"Satellite Production Assembly Lines Launched in Russia. MOSCOW (Sputnik) - Russia has launched assembly line for the production of space satellites, Russian First Deputy Prime Minister Denis Manturov told Sputnik ahead of the St. Petersburg International Economic Forum (SPIEF-2025).. The latest news and stories from Russia. Stay tuned for updates and breaking news on defense, politics, economy and more.
https://sputnikglobe.com/20250616/satellite-production-assembly-lines-launch… [+3401 chars]",1
"Air India flight returns to Hong Kong due to midair technical issue. An Air India flight returned to Hong Kong on Monday shortly after takeoff due to a midair technical issue, days after another of the airline's flights crashed and killed at least 270 people. Air India said in a statement that the New Delhi-bound plane landed …. An Air India flight returned to Hong Kong on Monday shortly after takeoff due to a midair technical issue, days after another of the airline's flights crashed and killed at least 270 people.
Air Ind… [+984 chars]",1
"India close to hitting Guyana-type 2 lakh crore liter jackpot in Andaman that may make us $20 trillion economy, says Oil Minister Hardeep Puri. Andaman crude oil reserve: India's energy sector anticipates a potential game-changer as exploration in the Andaman Sea hints at an oil field mirroring Guyana's massive discovery. Policy reforms, deep-water drilling advancements, and increased private sector …. Investment Ideas
Grow your wealth with stock ideas &amp; sectoral trends.
Stock Reports Plus
Buy low &amp; sell high with access to Stock Score, Upside potential &amp; more. 
BigBull Porfolio
Ge… [+438 chars]",1
"你有AI焦虑么？｜SEA Now. has a way. 2025.06.09-2025.06.15
AI
626070%
CourseraAI183%132%AI
2025MyMahir
&amp;
GrabGoToGrabPT GoTo Gojek Tokopedia TbkGrab 
AIPAI MicrosoftBlackRockMGXAI Infrastructure PartnershipAIP300AI1000
145G2… [+143 chars]",1
"Intelligence sharing key to cyber security in Europe, says EU Commission cyber expert. Cyber criminals choose not to attack Europe due to its resilience and preparedness, says the EU Commission’s principal advisor for cyber security coordination, Despina Spanou. Cyber security regulations are a mechanism for innovation rather than something that stifles it, according to Despina Spanou, the European Commissions principal advisor for cyber security coordinatio… [+3813 chars]",1
"Zydus Healthcare appoints Swati Dalal MD. Zydus Lifesciences Ltd. has appointed Swati Dalal as an additional director and Managing Director of its subsidiary, Zydus Healthcare Ltd., effective June 16, 2025, for a five-year term. Dalal brings over 30 years of experience, most recently serving as Manag…. Zydus Lifesciences Ltd on Monday announced the appointment of Swati Dalal as an additional director and Managing Director of its wholly-owned arm Zydus Healthcare Ltd.The board of Zydus Healthcare Lt… [+954 chars]",1
"Hundreds dead as Air India plane crashes into medical school accommodation. Medical students and an Indian doctor couple and their three children are among the dead after a fatal Air India crash that killed 241 people on board.In the worst aviation disaster in a decade Air India flight 171, bound for London Gatwick and with 242 peopl…. <ol><li>Geetanjali Krisha, </li><li>Sally Howard</li></ol><ol><li>Delhi and London
</li></ol>
Medical students and an Indian doctor couple and their three children are among the dead after a fatal … [+589 chars]",1
"Mattel and OpenAI Forge Strategic Alliance to Redefine the Future of Toys. SummaryMattel and OpenAI have announced a collaboration to integrate advanced AI into Mattel's iconic toy brandsThe partnership aims to create innovative, AI-powered products and experiences for children with a focus on privacy and safetyBeyond consumer produ…. Summary
<ul><li>Mattel and OpenAI have announced a collaboration to integrate advanced AI into Mattel’s iconic toy brands</li><li>The partnership aims to create innovative, AI-powered products and e… [+2827 chars]",1
"Ukrainian Secret Services Agent Detained for Plotting Attack Against Official – FSB. MOSCOW (Sputnik) - A Ukrainian secret services agent has been detained for planning to blow up a car of the Kherson Region's administration official, the Russian Federal Security Service (FSB) said on Monday.. The latest news and stories from Russia. Stay tuned for updates and breaking news on defense, politics, economy and more.
https://sputnikglobe.com/20250616/ukrainian-secret-services-agent-detained-f… [+3439 chars]",1
"Northern Ireland government confirms it did not ask Fujitsu to continue bidding for project. Scandal-hit IT giant said it wouldn't take on new UK.gov contracts or continue bidding on existing ones unless asked Exclusive  The Northern Ireland government did not ask Fujitsu to continue bidding for a £125 million ($167 million) contract, yet the Japanes…. Exclusive The Northern Ireland government did not ask Fujitsu to continue bidding for a £125 million ($167 million) contract, yet the Japanese tech giant to continued to do so, despite promising to q… [+3631 chars]",1
"G7 summit opens in Canada with a focus on trade, wars — and not riling Trump - AP News. G7 summit opens in Canada with a focus on trade, wars — and not riling TrumpAP News Leaders seek to avoid disaster with Trump at G7, where Israel-Iran conflict will loom largeCNN Trump admin live updates: At G7 in Canada, Trump and leaders to focus on conflic…. The Fine Print: The following comments are owned by whoever posted them. We are not responsible for them in any way.",1
"Fintech Stocks To Watch Now – June 14th. MercadoLibre, Rocket Companies, WEX, The Carlyle Group, and Janover are the five Fintech stocks to watch today, according to MarketBeat’s stock screener tool. Fintech stocks are publicly traded shares of companies that leverage technology to deliver financial…. MercadoLibre, Rocket Companies, WEX, The Carlyle Group, and Janover are the five Fintech stocks to watch today, according to MarketBeat’s stock screener tool. Fintech stocks are publicly traded share… [+6409 chars]",1
"Maharashtra: 18 dead, 65 injured in rain-related incidents across the state. Maharashtra is experiencing heavy rainfall. Eighteen people have died due to rain-related incidents since June 1. Several others are injured. The State Disaster Management Authority reported the deaths. They were caused by accidents, drowning, and lightning. …. Heavy rains in Maharashtra have claimed the lives of 18 people, while 65 others sustained injuries since June 1, officials said on Monday.The deaths were reported due to various incidents triggered b… [+1819 chars]",1
"Air India flight returns to Hong Kong due to a midair technical issue. . If you click 'Accept all', we and our partners, including 240 who are part of the IAB Transparency &amp; Consent Framework, will also store and/or access information on a device (in other words, use … [+714 chars]",1
"A Minecraft Movie is finally streaming on Max this week – here's exactly when you can watch it. The highest-grossing movie of the year will make its official streaming debut this week, but not for everyone.. <ul><li>A Minecraft Movie will be available to stream on Max very soon</li><li>Warner Bros. has confirmed it'll arrive on June 20</li><li>The biggest film of 2025 has almost reached the $1 billion ma… [+3272 chars]",1
"Mastercard Incorporated (NYSE:MA) Shares Sold by Hennessy Advisors Inc.. Hennessy Advisors Inc. decreased its holdings in shares of Mastercard Incorporated (NYSE:MA – Free Report) by 3.3% during the 1st quarter, according to its most recent 13F filing with the Securities and Exchange Commission. The institutional investor owned 2,…. Hennessy Advisors Inc. decreased its holdings in shares of Mastercard Incorporated (NYSE:MA – Free Report) by 3.3% during the 1st quarter, according to its most recent 13F filing with the Securities … [+5562 chars]",1
"FTI Consulting, Inc. (NYSE:FCN) Shares Sold by Yousif Capital Management LLC. Yousif Capital Management LLC lowered its position in shares of FTI Consulting, Inc. (NYSE:FCN – Free Report) by 2.5% during the 1st quarter, HoldingsChannel reports. The institutional investor owned 12,407 shares of the business services provider’s stock aft…. Yousif Capital Management LLC lowered its position in shares of FTI Consulting, Inc. (NYSE:FCN – Free Report) by 2.5% during the 1st quarter, HoldingsChannel reports. The institutional investor owned… [+5404 chars]",1
"MarketAxess Holdings Inc. (NASDAQ:MKTX) Shares Purchased by SG Americas Securities LLC. SG Americas Securities LLC boosted its stake in shares of MarketAxess Holdings Inc. (NASDAQ:MKTX – Free Report) by 1,153.4% during the 1st quarter, according to its most recent Form 13F filing with the Securities and Exchange Commission. The firm owned 8,210 …. SG Americas Securities LLC boosted its stake in shares of MarketAxess Holdings Inc. (NASDAQ:MKTX – Free Report) by 1,153.4% during the 1st quarter, according to its most recent Form 13F filing with t… [+5000 chars]",1
"Hennessy Advisors Inc. Sells 2,848 Shares of Jabil Inc. (NYSE:JBL). Hennessy Advisors Inc. lessened its holdings in Jabil Inc. (NYSE:JBL – Free Report) by 14.0% during the first quarter, Holdings Channel reports. The fund owned 17,521 shares of the technology company’s stock after selling 2,848 shares during the period. Henne…. Hennessy Advisors Inc. lessened its holdings in Jabil Inc. (NYSE:JBL – Free Report) by 14.0% during the first quarter, Holdings Channel reports. The fund owned 17,521 shares of the technology company… [+6214 chars]",1
"Hennessy Advisors Inc. Invests $2.43 Million in GoDaddy Inc. (NYSE:GDDY). Hennessy Advisors Inc. acquired a new position in GoDaddy Inc. (NYSE:GDDY – Free Report) in the 1st quarter, according to its most recent 13F filing with the Securities and Exchange Commission. The institutional investor acquired 13,500 shares of the technolo…. Hennessy Advisors Inc. acquired a new position in GoDaddy Inc. (NYSE:GDDY – Free Report) in the 1st quarter, according to its most recent 13F filing with the Securities and Exchange Commission. The i… [+5914 chars]",1
"Iran’s President Stands Firm: No Nuclear Weapons for the Country. TEHRAN (Sputnik) - Supporters of Tehran's creation of nuclear weapons have no place in Iran's politics, Iranian President Masoud Pezeshkian said on Monday.. Get the latest news from around the world, live coverage, off-beat stories, features and analysis.
https://sputnikglobe.com/20250616/irans-president-stands-firm-no-nuclear-weapons-for-the-country-11… [+4550 chars]",1
"GOP Senator's Minnesota Assassination Comments Spark Backlash. Voice is AI-generated. Inconsistencies may occur.
Senator Mike Lee, a Utah Republican, is facing widespread backlash following posts about the targeted shooting of two Democratic lawmakers and their spouses in Minnesota.
The suspect, 57-year-old Vance Boelter…. Voice is AI-generated. Inconsistencies may occur.Senator Mike Lee, a Utah Republican, is facing widespread backlash following posts about the targeted shooting of two Democratic lawmakers and their s… [+142 chars]",1
"Singapore orchid diplomacy marks tribute to Prabowo's mother. President Prabowo Subianto was deeply moved during his Singapore visit, as he was bestowed the honor of naming an orchid after his late mother, Dora Marie .... Jakarta (ANTARA) - President Prabowo Subianto was deeply moved during his Singapore visit, as he was bestowed the honor of naming an orchid after his late mother, Dora Marie Djojohadikusumo-Sigar.The… [+1755 chars]",1
"AI Companies Should Be Wary of Middle East Spending Spree. Nvidia and other U.S. tech companies are benefiting from an AI spending spree, but business and geopolitical risks loom.. Nvidia and other U.S. tech companies are benefiting from an AI spending spree, but business and geopolitical risks loom.
This story appeared on wsj.com, 2025-06-16 09:30:00.",1
"Anduril Founder Palmer Luckey, Palantir Co-Founder Joe Lonsdale To Invest In Crypto-Friendly Startup Bank: Report. Palmer Luckey, the founder of defense technology startup Anduril Industries, has reportedly backed a cryptocurrency-friendly banking startup that aims to revolutionize the financial sector.
What Happened: Luckey is backing a budding financial firm that aims t…. Palmer Luckey, the founder of defense technology startup Anduril Industries, has reportedly backed a cryptocurrency-friendly banking startup that aims to revolutionize the financial sector.What Happe… [+139 chars]",1
"Global Market Highlights 3 Noteworthy Dividend Stocks. Amid escalating geopolitical tensions and fluctuating trade dynamics, global markets have experienced a volatile week, with U.S. indices reversing early.... Amid escalating geopolitical tensions and fluctuating trade dynamics, global markets have experienced a volatile week, with U.S. indices reversing early gains due to rising oil prices and renewed Mid… [+4995 chars]",1
"Taiwan puts China’s Huawei, SMIC on export control list, aligning with US crackdown. Taiwan has added China’s tech titan Huawei and chip giant Semiconductor Manufacturing International Corporation (SMIC) to its export control list, stepping up efforts to align with Washington’s crackdown on companies driving Beijing’s artificial intelligence …. Taiwan has added Chinas tech titan Huawei and chip giant Semiconductor Manufacturing International Corporation (SMIC) to its export control list, stepping up efforts to align with Washingtons crackdo… [+5961 chars]",1
"Yorkshire sign batter Shafique on short-term deal. The Pakistan opening batter will play matches against Nottinghamshire and Essex this month and four T20 games.. Yorkshire have signed Pakistan batter Abdullah Shafique on a short-term contract.
The right-handed opener will be available for the next two Championship matches, starting against Nottinghamshire at… [+336 chars]",1
"Exploring Growatt's Latest PV and Energy Storage Innovations at SNEC 2025. Growatt showcased its latest solar and energy storage innovations at SNEC PV Power Expo 2025 in Shanghai, from June 11&ndash;13. The exhibit featured smart, .... Berlin (ANTARA/PRNewswire)- Growatt showcased its latest solar and energy storage innovations at SNEC PV Power Expo 2025 in Shanghai, from June 11–13. The exhibit featured smart, scalable solutions f… [+4562 chars]",1
"Tubi Acquires Sports Documentary Series ""Zero Star: The Cam Ward Story"". The series will premiere exclusively on Tubi in September 2025.. TUBI ACQUIRES SPORTS DOCUMENTARY SERIES ""ZERO STAR: THE CAM WARD STORY""
Six-Episode Series Developed and Produced by Firebrand Media Group Premieres September 2025, Exclusively on Tubi
SAN FRANCISC… [+5175 chars]",1
"CX Institutional Takes $142,000 Position in LyondellBasell Industries (NYSE:LYB). CX Institutional bought a new stake in shares of LyondellBasell Industries (NYSE:LYB – Free Report) in the 1st quarter, according to its most recent disclosure with the Securities and Exchange Commission (SEC). The institutional investor bought 2,023 shares o…. CX Institutional bought a new stake in shares of LyondellBasell Industries (NYSE:LYB – Free Report) in the 1st quarter, according to its most recent disclosure with the Securities and Exchange Commis… [+5613 chars]",1
"KBR, Inc. (NYSE:KBR) Shares Sold by CX Institutional. CX Institutional reduced its stake in shares of KBR, Inc. (NYSE:KBR – Free Report) by 79.0% during the 1st quarter, according to its most recent filing with the SEC. The firm owned 2,934 shares of the construction company’s stock after selling 11,021 shares d…. CX Institutional reduced its stake in shares of KBR, Inc. (NYSE:KBR – Free Report) by 79.0% during the 1st quarter, according to its most recent filing with the SEC. The firm owned 2,934 shares of th… [+5264 chars]",1
"Simon Quick Advisors LLC Buys Shares of 403 Tyler Technologies, Inc. (NYSE:TYL). Simon Quick Advisors LLC bought a new stake in Tyler Technologies, Inc. (NYSE:TYL – Free Report) during the first quarter, according to the company in its most recent 13F filing with the Securities and Exchange Commission (SEC). The firm bought 403 shares of …. Simon Quick Advisors LLC bought a new stake in Tyler Technologies, Inc. (NYSE:TYL – Free Report) during the first quarter, according to the company in its most recent 13F filing with the Securities a… [+5937 chars]",1
"Guest Post: Will JAG’s New Models Give Libraries and Publishers a Better Seat at the Federal Funding Table?. As US federal policy on indirect costs remains uncertain, the Joint Associations Group seeks input on two proposed models. Learn about the models and implications for library funding and publishers.
The post Guest Post: Will JAG’s New Models Give Libraries an…. Editor’s Note: Today’s post is by Hilary Craiglow. Hilary Craiglow leads library consulting at Attain Partners, a higher education consulting firm. With a deep commitment to libraries, she partners w… [+11500 chars]",1
"The iPad’s Secret Weapon: Has iPadOS 26 Made it a Mac Killer?. The iPad has undergone significant evolution since its introduction, sparking ongoing discussions about whether it can now replace a Mac. With advancements in hardware, software, and seamless integration within Apple’s ecosystem, the iPad has transformed into…. The iPad has undergone significant evolution since its introduction, sparking ongoing discussions about whether it can now replace a Mac. With advancements in hardware, software, and seamless integra… [+6393 chars]",1
"Will Switch 2 Sales Lift Best Buy Stock Out Of Turbulence?. BBY stock has already declined 13% year-to-date, lagging behind the S&P 500’s stable performance.. TOKYO, JAPAN - 2025/06/04: Nintendo Switch 2 online service pamphlet inside an electronics store in ... More Yokohama. (Photo by Stanislav Kogiku/SOPA Images/LightRocket via Getty Images)
SOPA Image… [+5252 chars]",1
"With 31% deficiency in June 1-15, IMD hopes surplus monsoon in second half to help farming. In the first fifteen days of the monsoon season, that began on commenced from June 1, the rainfall was deficient by 31% below normal, leaving nearly.. In the first fifteen days of the monsoon season, that began on June 1, the rainfall was 31 per cent below normal, leaving nearly 76 per cent of the geographical area parched. The deficiency was attri… [+2147 chars]",1
"These damn politicians! I'm fed up — and I'm done. Political parties and their politicians have never been less popular, and I’d argue it’s about time.This probably isn’t something a guy who makes his living writing about this toxic environment should be on his high horse touting right now, but let’s face it,…. Political parties and their politicians have never been less popular, and Id argue its about time.
This probably isnt something a guy who makes his living writing about this toxic environment should… [+6424 chars]",1
"America’s crypto embrace could boost its arsenal for a trade war. Most stablecoins being dollar-based could grants the US an export advantage and expose Europe—and its currency—to risk. Is crypto-mercantilism something to worry about?. Are trade wars good for technology after all? Circle Internet Group, a major issuer of digital currencies designed to replicate the US dollar, has tripled in value since going public and is worth $23… [+4719 chars]",1
"Is This Beaten-Down Cathie Wood Artificial Intelligence (AI) Stock a Buy?. . If you click 'Accept all', we and our partners, including 240 who are part of the IAB Transparency &amp; Consent Framework, will also store and/or access information on a device (in other words, use … [+714 chars]",1
"Boeing Stock Dropped Following News of Air India Crash—These Are the Key Price Levels to Watch. . If you click 'Accept all', we and our partners, including 240 who are part of the IAB Transparency &amp; Consent Framework, will also store and/or access information on a device (in other words, use … [+714 chars]",1
"Trump Touts China Trade Deal: Tariffs Back to Square One, Still Historically High. The tentative agreement between the White House and Beijing would, among other things, allow Chinese students into American universities again.. President Donald Trump last week took to Truth Social to tout a new tentative trade agreement with China, albeit one that only really takes things back to square one and leaves the tariff rate agains… [+2689 chars]",1
"Vandals 'deliberately cut' Spectrum's fiber optic lines in LA causing Father's Day service disruption ($25,000 reward). A massive outage has been reported in the Los Angeles area on Father's Day after internet and cable provider Spectrum linked the issue to ""criminal acts of vandalism."" ""We are currently working on a Fiber cut affecting the Los Angeles area. We are sorry for t…. Skip to comments.
Vandals 'deliberately cut' Spectrum's fiber optic lines in LA causing Father's Day service disruption ($25,000 reward)Fox Business ^
 | 6/15/25
 | Stepheny Price 
Posted on 06/1… [+2520 chars]",1
"Google Pixel Users Report Problems After Installing Android 16. Google officially launched the Android 16 update on its Pixel devices. While most of the users were eagerly waiting for the new update, it hasn’t ...
The post Google Pixel Users Report Problems After Installing Android 16 appeared first on Gizchina.com.. Google officially launched the Android 16 update on its Pixel devices. While most of the users were eagerly waiting for the new update, it hasn’t been an easy ride for everyone. Some Pixel users are … [+2256 chars]",1
"Adobe Photoshop Tricks: 10 Time-Savers Most Designers Don’t Know. Check out these 10 Time-Saving Adobe Photoshop Tricks Every Designer Should Know (But Most Don’t). Do you sometimes feel that nagging suspicion that you could be working faster in Photoshop? You know the software inside and out, yet some tasks still feel like…. This post contains affiliate links. We may earn a commission if you click on them and make a purchase. It’s at no extra cost to you and helps us run this site. Thanks for your support!
Do you someti… [+9487 chars]",1
"India is World’s Second-Largest Piracy Market With 1,756 Crore Visits in 2024: MUSO Report. India ranks 2nd globally in online piracy with 1,756 crore visits in 2024, says MUSO report.
The post India is World’s Second-Largest Piracy Market With 1,756 Crore Visits in 2024: MUSO Report appeared first on MEDIANAMA.. India accounted for 8.12% of global piracy traffic, with about 1,756 crore visits to pirated websites. This figure makes India the second-largest contributor after the United States, whose global sha… [+4947 chars]",1
Complete eradication of terrorism from J-K our top priority: LG. Lieutenant Governor Manoj Sinha emphasizes the eradication of terrorism in Jammu and Kashmir. He addressed police officers at the Sher-e-Kashmir Police Academy in Udhampur. Sinha urged the police to protect society and ensure peace. He highlighted the importa…. Jammu and Kashmir Lt Governor Manoj Sinha on Monday said complete eradication of terrorism from the soil of the Union Territory is the top priority of his administration.Reviewing the passing-out par… [+1079 chars],1
